{"idx_train":{"0":[100,102,104,106,108,110,112,114,116,118,120,122,124,126,128,130,132,134,136,138,140,142,144,146,148,150,152,154,156,158,160,162,164,166,168,170,172,174,176,178,180,182,184,186,188,190,192,194,196,198]},"idx_val":{"0":[101,103,105,107,109,111,113,115,117,119,121,123,125,127,129,131,133,135,137,139,141,143,145,147,149,151,153,155,157,159,161,163,165,167,169,171,173,175,177,179,181,183,185,187,189,191,193,195,197,199]},"n_basis":{"0":6},"last_peak":{"0":60},"u0_ml":{"0":-5.719717502593994},"eta_coefs":{"0":[-3.511132717132568,-1.443849086761475,-3.533426761627197,0.496291130781174,0.314317137002945,-0.957209587097168]},"lr":{"0":0.1},"num_epochs":{"0":200},"nll_normed_train_ml":{"0":-0.280649895097346},"nll_normed_val_ml":{"0":-0.104102141331478},"fr_ml_m":{"0":25.387499999999996},"fr_ml_max":{"0":920.661157024793397}}