{"server":{"0":"ackermann","1":"ackermann"},"dtime":{"0":"2020\/8\/24-13:36:30","1":"2020\/8\/24-13:47:29"},"idx_train":{"0":[100,102,104,106,108,110,112,114,116,118,120,122,124,126,128,130,132,134,136,138,140,142,144,146,148,150,152,154,156,158,160,162,164,166,168,170,172,174,176,178,180,182,184,186,188,190,192,194,196,198],"1":[100,102,104,106,108,110,112,114,116,118,120,122,124,126,128,130,132,134,136,138,140,142,144,146,148,150,152,154,156,158,160,162,164,166,168,170,172,174,176,178,180,182,184,186,188,190,192,194,196,198]},"idx_val":{"0":[101,103,105,107,109,111,113,115,117,119,121,123,125,127,129,131,133,135,137,139,141,143,145,147,149,151,153,155,157,159,161,163,165,167,169,171,173,175,177,179,181,183,185,187,189,191,193,195,197,199],"1":[101,103,105,107,109,111,113,115,117,119,121,123,125,127,129,131,133,135,137,139,141,143,145,147,149,151,153,155,157,159,161,163,165,167,169,171,173,175,177,179,181,183,185,187,189,191,193,195,197,199]},"mmd_ker":{"0":"score_function","1":"score_function"},"ker_name":{"0":"phi_fr","1":"phi_mean_fr"},"n_basis":{"0":6,"1":6},"last_peak":{"0":60,"1":60},"lam_mmd":{"0":20,"1":20.0},"biased":{"0":true,"1":true},"lr":{"0":0.01,"1":0.01},"clip":{"0":1,"1":1.0},"n_batch_fr":{"0":800,"1":800},"loss_mmd":{"0":-2183.666367349762822,"1":5711.969631664516783},"nll_train":{"0":-0.204869359898715,"1":-0.192281767166567},"nll_normed_val_mmd":{"0":-0.03849110465074,"1":-0.03453366477325},"fr_mmd_m":{"0":4.143904958677687,"1":5.041425619834711},"fr_mmd_max":{"0":864.462809917355344,"1":895.867768595041412},"mmd_mmd":{"0":0.174789642527834,"1":0.229864774007922},"u0":{"0":-6.032534599304199,"1":-6.052534580230713},"eta_coefs":{"0":[-3.776750087738037,-1.610845685005188,-2.525245666503906,0.499774366617203,0.104614406824112,-0.790819525718689],"1":[-3.776750087738037,-1.490845680236816,-2.705245733261108,0.659774363040924,-0.115385554730892,-0.730819523334503]}}